trade_year,trade_flow,partner_code,commodities_code,quantity,units,weight_kg,trade_value
2020,Import,616,710811,0.0,N/A,0.0,19881.786
2020,Import,56,710812,0.0,N/A,0.0,387031361.772
2020,Import,251,710812,0.0,N/A,0.0,2799032236.729
2020,Import,276,710812,0.0,N/A,0.0,3185514128.927
2020,Import,380,710812,0.0,N/A,0.0,4729179488.027
2020,Import,784,710812,0.0,N/A,0.0,8003378761.611
2020,Import,842,710812,0.0,N/A,0.0,6597058176.334
2020,Import,251,710813,0.0,N/A,0.0,3532314.309
2020,Import,276,710813,0.0,N/A,0.0,64460560.026
2020,Import,380,710813,0.0,N/A,0.0,323635135.691
2020,Import,392,710813,0.0,N/A,0.0,56530.932
2020,Import,458,710813,0.0,N/A,0.0,73917.766
2020,Import,702,710813,0.0,N/A,0.0,1173467.859
2020,Import,826,710813,0.0,N/A,0.0,1933398.406
2020,Import,842,710813,0.0,N/A,0.0,4283383.51
2021,Import,392,710813,0.0,N/A,0.0,85938.092
2021,Import,528,710813,0.0,N/A,0.0,3512.232
2022,Import,156,710813,0.0,N/A,,123.568
2024,Import,792,710813,0.0,N/A,,86655.454
2024,Export,528,710813,0.0,N/A,,211.258
2023,Export,410,710812,0.0,N/A,,12571755.85
2023,Export,842,710812,0.0,N/A,,3898682365.633
2024,Import,620,710811,0.0,N/A,,406.614
2020,Import,251,710811,0.053,kg,0.053,1489.508
2020,Import,276,710811,14.155,kg,14.155,399487.744
2020,Import,380,710811,0.331,kg,0.331,9368.867
2020,Import,392,710811,3.268,kg,3.268,38039.496
2020,Import,528,710811,0.009,kg,0.009,248.429
2020,Import,752,710811,0.462,kg,0.462,13105.964
2020,Import,826,710811,0.565,kg,0.565,16014.61
2020,Import,842,710811,0.921,kg,0.921,26094.644
2020,Import,36,710812,44170.015,kg,44170.015,1647349078.149
2020,Import,40,710812,570.149,kg,570.149,31316551.104
2020,Import,124,710812,22216.408,kg,22216.408,1022489141.902
2020,Import,156,710812,7774.003,kg,7774.003,456910887.207
2020,Import,392,710812,20839.011,kg,20839.011,1222448705.623
2020,Import,826,710812,189268.013,kg,189268.013,10613582717.473
2020,Import,32,710813,10.729,kg,10.729,575202.771
2020,Import,36,710813,0.148,kg,0.148,6035.866
2020,Import,40,710813,304.022,kg,304.022,14016607.998
2020,Import,56,710813,1.046,kg,1.046,7531.771
2020,Import,124,710813,1.895,kg,1.895,38584.334
2020,Import,156,710813,1.001,kg,1.001,4424.809
2020,Import,246,710813,0.106,kg,0.106,4339.511
2020,Import,344,710813,0.003,kg,0.003,102.357
2020,Import,372,710813,1.015,kg,1.015,36675.802
2020,Import,480,710813,0.467,kg,0.467,19090.652
2020,Import,484,710813,0.002,kg,0.002,83.165
2020,Import,528,710813,1.109,kg,1.109,4805.449
2020,Import,616,710813,0.001,kg,0.001,25.589
2020,Import,620,710813,104.188,kg,104.188,5863058.425
2020,Import,699,710813,0.008,kg,0.008,334.793
2020,Import,710,710813,0.234,kg,0.234,9562.918
2020,Import,724,710813,305.031,kg,305.031,15877844.7
2020,Import,752,710813,0.218,kg,0.218,8914.657
2020,Import,764,710813,0.02,kg,0.02,806.062
2020,Export,40,710811,5.123,kg,5.123,249923.355
2020,Export,56,710811,0.0,kg,0.0,15.991
2020,Export,251,710811,2.433,kg,2.433,121800.284
2020,Export,380,710811,1.082,kg,1.082,28362.464
2020,Export,724,710811,0.082,kg,0.082,4460.385
2020,Export,752,710811,0.273,kg,0.273,14818.201
2020,Export,764,710811,0.271,kg,0.271,14755.304
2020,Export,826,710811,32.448,kg,32.448,2000010.483
2020,Export,842,710811,18.032,kg,18.032,1002426.792
2020,Export,40,710812,11170.217,kg,11170.217,658590404.354
2020,Export,56,710812,1037.476,kg,1037.476,54606069.237
2020,Export,100,710812,0.318,kg,0.318,17908.702
2020,Export,372,710812,3.103,kg,3.103,229371.896
2020,Export,380,710812,25372.914,kg,25372.914,679269612.423
2020,Export,392,710812,715.617,kg,715.617,43294764.857
2020,Export,442,710812,266.164,kg,266.164,15218954.65
2020,Export,528,710812,44.91,kg,44.91,2610579.006
2020,Export,579,710812,0.055,kg,0.055,3074.51
2020,Export,705,710812,50.328,kg,50.328,2802165.555
2020,Export,724,710812,692.366,kg,692.366,40959122.117
2020,Export,36,710813,635.075,kg,635.075,36544159.535
2020,Export,40,710813,15335.068,kg,15335.068,842170314.429
2020,Export,56,710813,80.421,kg,80.421,4400390.64
2020,Export,100,710813,5.968,kg,5.968,115348.503
2020,Export,124,710813,0.316,kg,0.316,16357.588
2020,Export,152,710813,0.113,kg,0.113,5855.855
2020,Export,156,710813,1.014,kg,1.014,4320.732
2020,Export,191,710813,0.187,kg,0.187,9692.596
2020,Export,203,710813,1053.022,kg,1053.022,60099902.406
2020,Export,208,710813,30.449,kg,30.449,1618891.679
2020,Export,246,710813,0.24,kg,0.24,12453.685
2020,Export,268,710813,8.244,kg,8.244,31721.611
2020,Export,276,710813,19449.034,kg,19449.034,1078809784.178
2020,Export,288,710813,0.099,kg,0.099,5138.398
2020,Export,300,710813,4.397,kg,4.397,214166.716
2020,Export,344,710813,279.129,kg,279.129,12276643.026
2020,Export,348,710813,0.363,kg,0.363,18815.917
2020,Export,372,710813,5.917,kg,5.917,170749.386
2020,Export,380,710813,10634.546,kg,10634.546,479938455.524
2020,Export,392,710813,136.02,kg,136.02,1569285.885
2020,Export,410,710813,10.966,kg,10.966,356579.224
2020,Export,428,710813,0.082,kg,0.082,4229.051
2020,Export,442,710813,26.392,kg,26.392,1109744.682
2020,Export,470,710813,0.239,kg,0.239,12368.401
2020,Export,484,710813,0.119,kg,0.119,6151.153
2020,Export,496,710813,0.124,kg,0.124,6446.451
2020,Export,528,710813,3.553,kg,3.553,102701.861
2020,Export,579,710813,0.049,kg,0.049,2530.821
2020,Export,616,710813,65.26,kg,65.26,3389176.335
2020,Export,642,710813,5.198,kg,5.198,140433.905
2020,Export,699,710813,31185.006,kg,31185.006,1516377218.054
2020,Export,703,710813,4.053,kg,4.053,189535.454
2020,Export,705,710813,2.187,kg,2.187,23199.546
2020,Export,724,710813,14.141,kg,14.141,255100.131
2020,Export,752,710813,2.112,kg,2.112,90366.508
2020,Export,764,710813,0.282,kg,0.282,14601.791
2020,Export,792,710813,4.003,kg,4.003,265183.97
2020,Export,826,710813,2161.361,kg,2161.361,100187446.712
2021,Import,40,710811,12.422,kg,12.422,578784.182
2021,Import,156,710811,0.001,kg,0.001,26.26
2021,Import,251,710811,5.654,kg,5.654,234674.026
2021,Import,276,710811,19.016,kg,19.016,412729.988
2021,Import,380,710811,1.658,kg,1.658,21817.419
2021,Import,392,710811,9.24,kg,9.24,111188.965
2021,Import,528,710811,2.024,kg,2.024,2197.06
2021,Import,784,710811,0.116,kg,0.116,3774.829
2021,Import,842,710811,0.394,kg,0.394,12846.455
2021,Import,40,710812,1229.829,kg,1229.829,52870715.424
2021,Import,156,710812,407.0,kg,407.0,22495291.005
2021,Import,233,710812,42.359,kg,42.359,1911470.707
2021,Import,380,710812,39567.54,kg,39567.54,2218674618.475
2021,Import,616,710812,452.343,kg,452.343,26581688.149
2021,Import,724,710812,2725.157,kg,2725.157,102539479.49
2021,Import,842,710812,172513.008,kg,172513.008,9098026898.74
2021,Import,36,710813,0.325,kg,0.325,14812.649
2021,Import,40,710813,157.213,kg,157.213,8592494.034
2021,Import,56,710813,47.014,kg,47.014,2635562.839
2021,Import,100,710813,0.0,kg,0.0,15.318
2021,Import,124,710813,11.058,kg,11.058,399951.37
2021,Import,156,710813,8.013,kg,8.013,2438.868
2021,Import,203,710813,11.067,kg,11.067,497951.41
2021,Import,251,710813,88.712,kg,88.712,2435518.77
2021,Import,268,710813,0.072,kg,0.072,3282.46
2021,Import,276,710813,1933.73,kg,1933.73,75598351.001
2021,Import,344,710813,15.026,kg,15.026,14717.458
2021,Import,376,710813,0.013,kg,0.013,580.995
2021,Import,380,710813,8608.398,kg,8608.398,409344823.013
2021,Import,442,710813,60.091,kg,60.091,3671240.324
2021,Import,616,710813,10.014,kg,10.014,572400.891
2021,Import,702,710813,129.208,kg,129.208,1294115.428
2021,Import,710,710813,1.624,kg,1.624,74051.209
2021,Import,724,710813,53.047,kg,53.047,2353772.379
2021,Import,752,710813,0.193,kg,0.193,8790.429
2021,Import,764,710813,0.032,kg,0.032,1479.295
2021,Import,826,710813,258.431,kg,258.431,13769519.236
2021,Import,842,710813,101.613,kg,101.613,1513277.641
2021,Export,251,710811,8.923,kg,8.923,335647.974
2021,Export,276,710811,19.635,kg,19.635,412596.501
2021,Export,380,710811,1.558,kg,1.558,58199.115
2021,Export,392,710811,0.083,kg,0.083,3925.822
2021,Export,724,710811,3.099,kg,3.099,14703.234
2021,Export,826,710811,46.481,kg,46.481,2756581.678
2021,Export,36,710812,415.216,kg,415.216,24281651.833
2021,Export,56,710812,348.154,kg,348.154,20300350.312
2021,Export,100,710812,26.103,kg,26.103,1567265.359
2021,Export,191,710812,1.05,kg,1.05,56147.577
2021,Export,196,710812,0.247,kg,0.247,14329.033
2021,Export,276,710812,55918.252,kg,55918.252,3226096487.137
2021,Export,380,710812,29280.137,kg,29280.137,1697403455.613
2021,Export,392,710812,501.458,kg,501.458,29158091.207
2021,Export,442,710812,359.499,kg,359.499,20650437.829
2021,Export,528,710812,2.71,kg,2.71,160454.317
2021,Export,616,710812,200.102,kg,200.102,11581297.74
2021,Export,710,710812,351.087,kg,351.087,19590153.928
2021,Export,724,710812,385.101,kg,385.101,21604868.951
2021,Export,752,710812,47.406,kg,47.406,2763024.054
2021,Export,807,710812,2.47,kg,2.47,135565.609
2021,Export,826,710812,76279.744,kg,76279.744,4477448250.725
2021,Export,842,710812,113427.347,kg,113427.347,6702532465.889
2021,Export,36,710813,674.599,kg,674.599,39411384.305
2021,Export,40,710813,15762.01,kg,15762.01,913183638.166
2021,Export,56,710813,267.179,kg,267.179,15452239.664
2021,Export,124,710813,1161.028,kg,1161.028,68385605.219
2021,Export,136,710813,1.418,kg,1.418,60578.898
2021,Export,196,710813,0.053,kg,0.053,2993.604
2021,Export,208,710813,56.119,kg,56.119,3250903.781
2021,Export,246,710813,0.12,kg,0.12,6774.998
2021,Export,251,710813,4503.527,kg,4503.527,214585762.626
2021,Export,268,710813,2.05,kg,2.05,62454.277
2021,Export,276,710813,43276.003,kg,43276.003,2526618893.646
2021,Export,300,710813,11.228,kg,11.228,642672.894
2021,Export,348,710813,0.137,kg,0.137,7719.252
2021,Export,360,710813,0.279,kg,0.279,15722.985
2021,Export,372,710813,2.466,kg,2.466,138934.507
2021,Export,376,710813,115.089,kg,115.089,6621889.806
2021,Export,380,710813,16251.094,kg,16251.094,736670117.816
2021,Export,392,710813,26.82,kg,26.82,1763777.501
2021,Export,410,710813,13.671,kg,13.671,423626.662
2021,Export,440,710813,15.034,kg,15.034,855008.684
2021,Export,442,710813,13.795,kg,13.795,625356.822
2021,Export,470,710813,0.334,kg,0.334,18821.627
2021,Export,496,710813,0.041,kg,0.041,2303.193
2021,Export,528,710813,2.056,kg,2.056,107513.703
2021,Export,579,710813,0.02,kg,0.02,1147.767
2021,Export,604,710813,0.032,kg,0.032,1775.811
2021,Export,608,710813,2.047,kg,2.047,5409.495
2021,Export,616,710813,1080.79,kg,1080.79,63220847.665
2021,Export,642,710813,20.138,kg,20.138,1216941.505
2021,Export,643,710813,0.002,kg,0.002,131.298
2021,Export,703,710813,7.105,kg,7.105,443044.603
2021,Export,724,710813,61.349,kg,61.349,2942495.851
2021,Export,752,710813,4.407,kg,4.407,73956.018
2021,Export,764,710813,0.01,kg,0.01,559.112
2021,Export,784,710813,7770.214,kg,7770.214,453875060.76
2021,Export,826,710813,2333.247,kg,2333.247,123641089.294
2022,Import,40,710811,4.129,kg,4.129,111832.145
2022,Import,251,710811,6.852,kg,6.852,352249.319
2022,Import,276,710811,11.024,kg,11.024,130499.285
2022,Import,376,710811,0.435,kg,0.435,18396.965
2022,Import,380,710811,2.676,kg,2.676,120059.886
2022,Import,392,710811,3.622,kg,3.622,57929.288
2022,Import,528,710811,6.02,kg,6.02,4100.781
2022,Import,826,710811,0.039,kg,0.039,1652.46
2022,Import,842,710811,0.042,kg,0.042,1781.264
2022,Import,40,710812,414.016,kg,414.016,17371408.934
2022,Import,203,710812,42.304,kg,42.304,1742959.583
2022,Import,276,710812,39932.003,kg,39932.003,1720386465.542
2022,Import,762,710812,5703.32,kg,5703.32,338617795.706
2022,Import,36,710813,2.105,kg,2.105,134030.396
2022,Import,40,710813,327.33,kg,327.33,18132994.921
2022,Import,56,710813,97.335,kg,97.335,5708471.133
2022,Import,124,710813,22.692,kg,22.692,1361933.59
2022,Import,203,710813,62.078,kg,62.078,3715526.237
2022,Import,233,710813,21.417,kg,21.417,1152602.136
2022,Import,251,710813,502.425,kg,502.425,24510952.025
2022,Import,276,710813,2795.779,kg,2795.779,115782350.008
2022,Import,300,710813,4.001,kg,4.001,1648.271
2022,Import,344,710813,4.013,kg,4.013,243201.641
2022,Import,376,710813,0.014,kg,0.014,676.482
2022,Import,380,710813,9302.832,kg,9302.832,457045770.291
2022,Import,392,710813,27.665,kg,27.665,62746.344
2022,Import,484,710813,0.017,kg,0.017,783.295
2022,Import,528,710813,1.001,kg,1.001,56900.951
2022,Import,699,710813,0.006,kg,0.006,269.127
2022,Import,702,710813,203.135,kg,203.135,4767547.196
2022,Import,764,710813,5.025,kg,5.025,29859.464
2022,Import,784,710813,0.003,kg,0.003,146.606
2022,Import,826,710813,38.212,kg,38.212,787104.866
2022,Import,842,710813,535.473,kg,535.473,23294225.448
2022,Export,156,710811,29.128,kg,29.128,1710102.025
2022,Export,251,710811,58.67,kg,58.67,1981312.753
2022,Export,276,710811,15.883,kg,15.883,451917.35
2022,Export,348,710811,0.007,kg,0.007,333.005
2022,Export,376,710811,0.376,kg,0.376,18396.965
2022,Export,380,710811,28.186,kg,28.186,1389243.156
2022,Export,392,710811,0.369,kg,0.369,18078.621
2022,Export,490,710811,0.245,kg,0.245,12016.46
2022,Export,724,710811,0.033,kg,0.033,1603.242
2022,Export,826,710811,58.495,kg,58.495,3558803.318
2022,Export,842,710811,19.777,kg,19.777,1203760.318
2022,Export,56,710812,1630.339,kg,1630.339,94369048.817
2022,Export,191,710812,1.216,kg,1.216,36068.231
2022,Export,203,710812,549.025,kg,549.025,32868264.69
2022,Export,276,710812,54936.002,kg,54936.002,3183449557.852
2022,Export,372,710812,4.163,kg,4.163,137037.915
2022,Export,376,710812,90.196,kg,90.196,5298095.656
2022,Export,380,710812,35263.078,kg,35263.078,2004870227.134
2022,Export,440,710812,58.411,kg,58.411,3172344.524
2022,Export,442,710812,462.288,kg,462.288,27032786.638
2022,Export,528,710812,175.361,kg,175.361,9676928.418
2022,Export,620,710812,22.08,kg,22.08,897773.587
2022,Export,642,710812,83.562,kg,83.562,5142024.086
2022,Export,703,710812,41.052,kg,41.052,2383169.371
2022,Export,724,710812,293.072,kg,293.072,17635122.856
2022,Export,36,710813,680.102,kg,680.102,40281636.475
2022,Export,56,710813,684.138,kg,684.138,39758475.913
2022,Export,100,710813,2.634,kg,2.634,125798.466
2022,Export,124,710813,1197.046,kg,1197.046,71725969.969
2022,Export,191,710813,0.187,kg,0.187,10656.166
2022,Export,196,710813,2.035,kg,2.035,16995.83
2022,Export,203,710813,2881.142,kg,2881.142,170788028.323
2022,Export,208,710813,37.041,kg,37.041,2130260.315
2022,Export,246,710813,47.074,kg,47.074,2538783.32
2022,Export,251,710813,8236.396,kg,8236.396,415138272.677
2022,Export,268,710813,8.429,kg,8.429,44295.972
2022,Export,276,710813,54252.505,kg,54252.505,3163824527.986
2022,Export,300,710813,19.134,kg,19.134,1089649.496
2022,Export,344,710813,269.387,kg,269.387,15680404.442
2022,Export,348,710813,1.157,kg,1.157,24257.019
2022,Export,360,710813,0.512,kg,0.512,29248.955
2022,Export,372,710813,29.409,kg,29.409,1439221.16
2022,Export,380,710813,15143.009,kg,15143.009,732193497.097
2022,Export,392,710813,22.228,kg,22.228,1460716.749
2022,Export,410,710813,19.416,kg,19.416,614181.978
2022,Export,414,710813,0.772,kg,0.772,44089.676
2022,Export,440,710813,151.191,kg,151.191,8654459.052
2022,Export,442,710813,67.703,kg,67.703,3924905.862
2022,Export,528,710813,6.336,kg,6.336,188086.143
2022,Export,579,710813,9.025,kg,9.025,522944.842
2022,Export,620,710813,1.273,kg,1.273,35819.001
2022,Export,642,710813,20.132,kg,20.132,1082364.223
2022,Export,688,710813,54.005,kg,54.005,3161618.197
2022,Export,703,710813,159.129,kg,159.129,9670517.545
2022,Export,705,710813,0.125,kg,0.125,7121.913
2022,Export,710,710813,0.022,kg,0.022,1232.538
2022,Export,724,710813,98.559,kg,98.559,5062577.219
2022,Export,752,710813,82.208,kg,82.208,4273580.088
2022,Export,764,710813,0.0,kg,0.0,28.274
2022,Export,792,710813,302.467,kg,302.467,16979173.861
2022,Export,807,710813,7.001,kg,7.001,393815.277
2023,Import,56,710811,3.219,kg,3.219,7799.066
2023,Import,251,710811,6.01,kg,6.01,242770.143
2023,Import,276,710811,4.137,kg,4.137,322977.033
2023,Import,380,710811,8.919,kg,8.919,387872.832
2023,Import,528,710811,3.02,kg,3.02,2803.659
2023,Import,642,710811,0.053,kg,0.053,1223.819
2023,Import,826,710811,0.184,kg,0.184,4261.116
2023,Import,842,710811,0.023,kg,0.023,530.693
2023,Import,40,710812,3315.454,kg,3315.454,191004370.719
2023,Import,8,710813,0.019,kg,0.019,927.878
2023,Import,36,710813,7.042,kg,7.042,308488.125
2023,Import,40,710813,259.365,kg,259.365,11042880.703
2023,Import,56,710813,1.413,kg,1.413,24466.372
2023,Import,152,710813,0.007,kg,0.007,325.981
2023,Import,156,710813,11.003,kg,11.003,2107.194
2023,Import,203,710813,0.179,kg,0.179,8772.559
2023,Import,251,710813,458.619,kg,458.619,20043884.582
2023,Import,276,710813,2307.211,kg,2307.211,92622382.283
2023,Import,344,710813,2.002,kg,2.002,134893.811
2023,Import,376,710813,0.121,kg,0.121,5917.722
2023,Import,380,710813,10675.143,kg,10675.143,539270514.405
2023,Import,392,710813,2.047,kg,2.047,42653.44
2023,Import,458,710813,2.088,kg,2.088,92184.743
2023,Import,528,710813,0.005,kg,0.005,248.102
2023,Import,616,710813,2.006,kg,2.006,135541.323
2023,Import,699,710813,0.054,kg,0.054,2651.238
2023,Import,702,710813,68.009,kg,68.009,1127094.165
2023,Import,703,710813,2.017,kg,2.017,92117.99
2023,Import,724,710813,0.424,kg,0.424,20740.399
2023,Import,764,710813,0.05,kg,0.05,2465.44
2023,Import,826,710813,79.969,kg,79.969,6157199.447
2023,Import,842,710813,878.222,kg,878.222,48688291.536
2023,Export,156,710811,6.241,kg,6.241,417570.475
2023,Export,251,710811,45.01,kg,45.01,2229798.725
2023,Export,276,710811,20.438,kg,20.438,619517.345
2023,Export,380,710811,3.412,kg,3.412,267764.983
2023,Export,826,710811,45.12,kg,45.12,3015215.898
2023,Export,36,710812,1214.003,kg,1214.003,77880574.566
2023,Export,40,710812,7992.059,kg,7992.059,499846777.342
2023,Export,56,710812,590.063,kg,590.063,36525657.358
2023,Export,208,710812,5.035,kg,5.035,233268.855
2023,Export,276,710812,24667.072,kg,24667.072,1551133159.469
2023,Export,380,710812,34123.042,kg,34123.042,2082915836.865
2023,Export,528,710812,2.387,kg,2.387,30624.409
2023,Export,642,710812,5.246,kg,5.246,229941.179
2023,Export,703,710812,1.028,kg,1.028,66619.159
2023,Export,724,710812,265.012,kg,265.012,15619463.037
2023,Export,8,710813,0.015,kg,0.015,931.215
2023,Export,40,710813,15194.049,kg,15194.049,966488669.746
2023,Export,124,710813,825.203,kg,825.203,51827261.152
2023,Export,208,710813,25.007,kg,25.007,1489594.998
2023,Export,251,710813,12070.124,kg,12070.124,684667793.371
2023,Export,268,710813,4.344,kg,4.344,23796.61
2023,Export,276,710813,21652.141,kg,21652.141,1346947069.134
2023,Export,300,710813,15.323,kg,15.323,946435.076
2023,Export,348,710813,91.162,kg,91.162,5818960.275
2023,Export,376,710813,4.019,kg,4.019,247093.562
2023,Export,380,710813,12614.269,kg,12614.269,653502818.245
2023,Export,392,710813,62.106,kg,62.106,1797386.659
2023,Export,410,710813,5.529,kg,5.529,242328.455
2023,Export,414,710813,1210.157,kg,1210.157,76605575.166
2023,Export,442,710813,39.6,kg,39.6,2415785.878
2023,Export,458,710813,952.108,kg,952.108,58607229.965
2023,Export,528,710813,0.034,kg,0.034,2061.579
2023,Export,608,710813,0.019,kg,0.019,1174.867
2023,Export,699,710813,540.069,kg,540.069,34861512.354
2023,Export,724,710813,602.667,kg,602.667,985665.159
2023,Export,752,710813,107.469,kg,107.469,6810713.379
2023,Export,764,710813,0.111,kg,0.111,6797.76
2023,Export,792,710813,153.226,kg,153.226,9625700.204
2023,Export,826,710813,2537.084,kg,2537.084,148773443.672
2024,Import,40,710811,1.695,kg,1.695,71988.937
2024,Import,156,710811,0.0,kg,0.0,11.358
2024,Import,251,710811,34.437,kg,34.437,1651292.103
2024,Import,276,710811,29.17,kg,29.17,1099724.093
2024,Import,380,710811,3.048,kg,3.048,161157.904
2024,Import,392,710811,0.007,kg,0.007,287.356
2024,Import,528,710811,1.019,kg,1.019,1218.708
2024,Import,36,710812,159887.037,kg,159887.037,4376491299.982
2024,Import,40,710812,1231.293,kg,1231.293,94588095.637
2024,Import,56,710812,4073.482,kg,4073.482,286066626.734
2024,Import,124,710812,108871.498,kg,108871.498,7510603281.278
2024,Import,156,710812,5573.007,kg,5573.007,449840061.701
2024,Import,251,710812,23871.243,kg,23871.243,1563532272.332
2024,Import,276,710812,86704.125,kg,86704.125,5484370786.134
2024,Import,380,710812,24384.187,kg,24384.187,1724029413.331
2024,Import,440,710812,0.327,kg,0.327,16143.05
2024,Import,442,710812,906.161,kg,906.161,66578657.647
2024,Import,490,710812,115.051,kg,115.051,8972981.121
2024,Import,598,710812,0.314,kg,0.314,15478.61
2024,Import,616,710812,1260.181,kg,1260.181,96775662.275
2024,Import,792,710812,4402.248,kg,4402.248,350548608.575
2024,Import,842,710812,183880.223,kg,183880.223,12426734240.804
2024,Import,36,710813,5341.438,kg,5341.438,43306874.738
2024,Import,40,710813,294.782,kg,294.782,22783165.182
2024,Import,56,710813,4.032,kg,4.032,307399.417
2024,Import,124,710813,18.274,kg,18.274,1103605.104
2024,Import,156,710813,23.056,kg,23.056,10763.926
2024,Import,203,710813,12.01,kg,12.01,790533.528
2024,Import,251,710813,749.189,kg,749.189,30543988.761
2024,Import,276,710813,1790.829,kg,1790.829,83826245.876
2024,Import,344,710813,0.101,kg,0.101,4653.351
2024,Import,380,710813,13049.552,kg,13049.552,776192315.304
2024,Import,392,710813,4.06,kg,4.06,48431.42
2024,Import,442,710813,131.284,kg,131.284,8470187.541
2024,Import,458,710813,4.88,kg,4.88,363293.008
2024,Import,490,710813,0.037,kg,0.037,1716.186
2024,Import,528,710813,3.482,kg,3.482,51234.561
2024,Import,699,710813,1.331,kg,1.331,15558.115
2024,Import,702,710813,148.01,kg,148.01,1964376.173
2024,Import,724,710813,7.002,kg,7.002,501890.623
2024,Import,752,710813,11.137,kg,11.137,590637.075
2024,Import,764,710813,0.009,kg,0.009,415.701
2024,Import,784,710813,87.022,kg,87.022,7194257.4
2024,Import,826,710813,941.822,kg,941.822,67208229.763
2024,Import,842,710813,276.389,kg,276.389,10761779.341
2024,Export,36,710811,0.009,kg,0.009,545.181
2024,Export,40,710811,10.418,kg,10.418,605890.797
2024,Export,208,710811,0.118,kg,0.118,6913.582
2024,Export,251,710811,87.107,kg,87.107,5126904.404
2024,Export,380,710811,4.44,kg,4.44,321123.224
2024,Export,392,710811,0.096,kg,0.096,5614.233
2024,Export,528,710811,0.038,kg,0.038,2255.688
2024,Export,724,710811,0.069,kg,0.069,4059.33
2024,Export,826,710811,16.617,kg,16.617,1189571.13
2024,Export,36,710812,1531.001,kg,1531.001,115002796.165
2024,Export,124,710812,5135.371,kg,5135.371,417803787.546
2024,Export,203,710812,221.023,kg,221.023,15540383.226
2024,Export,208,710812,21.018,kg,21.018,1738953.871
2024,Export,442,710812,118.289,kg,118.289,8309831.508
2024,Export,528,710812,0.197,kg,0.197,14684.689
2024,Export,608,710812,0.012,kg,0.012,864.34
2024,Export,616,710812,124.251,kg,124.251,8118392.182
2024,Export,642,710812,4.233,kg,4.233,261595.09
2024,Export,826,710812,149295.063,kg,149295.063,11781595302.717
2024,Export,842,710812,107051.158,kg,107051.158,8917388285.249
2024,Export,36,710813,595.021,kg,595.021,45735765.94
2024,Export,40,710813,3113.022,kg,3113.022,247553606.197
2024,Export,124,710813,1507.069,kg,1507.069,123912704.337
2024,Export,203,710813,444.419,kg,444.419,30550671.777
2024,Export,208,710813,16.004,kg,16.004,1122158.309
2024,Export,251,710813,7072.207,kg,7072.207,448775162.208
2024,Export,268,710813,4.129,kg,4.129,18996.166
2024,Export,276,710813,20860.296,kg,20860.296,1617507003.008
2024,Export,344,710813,388.059,kg,388.059,29998157.649
2024,Export,348,710813,219.127,kg,219.127,16186364.168
2024,Export,376,710813,1.047,kg,1.047,5845.935
2024,Export,380,710813,12369.113,kg,12369.113,690625861.639
2024,Export,392,710813,45.938,kg,45.938,1485237.788
2024,Export,410,710813,3.289,kg,3.289,208397.876
2024,Export,442,710813,15.44,kg,15.44,1054277.541
2024,Export,496,710813,0.51,kg,0.51,38358.057
2024,Export,752,710813,97.188,kg,97.188,7529946.055
2024,Export,842,710813,46238.005,kg,46238.005,3635107333.798
2020,Import,40,710811,2.0,kg,2.0,69851.207
2020,Import,246,710811,49.0,kg,49.0,2526919.885
2020,Import,688,710811,9.0,kg,9.0,497535.112
2020,Import,702,710811,62.0,kg,62.0,419266.107
2020,Import,31,710812,8273.0,kg,8273.0,208795578.765
2020,Import,32,710812,164024.0,kg,164024.0,938645401.406
2020,Import,51,710812,2821.0,kg,2821.0,134693847.336
2020,Import,72,710812,221.0,kg,221.0,10262044.599
2020,Import,76,710812,17303.0,kg,17303.0,851936357.226
2020,Import,112,710812,230.0,kg,230.0,13477797.415
2020,Import,116,710812,1422.0,kg,1422.0,78266703.853
2020,Import,152,710812,176574.0,kg,176574.0,763510896.609
2020,Import,170,710812,2175.0,kg,2175.0,105499498.569
2020,Import,196,710812,436.0,kg,436.0,1939246.617
2020,Import,203,710812,2.0,kg,2.0,112456.252
2020,Import,208,710812,7.0,kg,7.0,360375.631
2020,Import,214,710812,85348.0,kg,85348.0,1185262998.387
2020,Import,218,710812,3414.0,kg,3414.0,143360591.58
2020,Import,231,710812,2005.0,kg,2005.0,120734647.768
2020,Import,233,710812,21.0,kg,21.0,988596.143
2020,Import,246,710812,11353.0,kg,11353.0,617510476.814
2020,Import,268,710812,2395.0,kg,2395.0,87551328.417
2020,Import,288,710812,59518.0,kg,59518.0,2989231449.218
2020,Import,300,710812,31.0,kg,31.0,1449210.223
2020,Import,324,710812,5581.0,kg,5581.0,276805771.696
2020,Import,328,710812,1027.0,kg,1027.0,58518801.843
2020,Import,344,710812,177817.0,kg,177817.0,10403121481.759
2020,Import,360,710812,37783.0,kg,37783.0,2158415741.393
2020,Import,372,710812,45.0,kg,45.0,2739873.678
2020,Import,376,710812,31.0,kg,31.0,1714391.688
2020,Import,384,710812,24205.0,kg,24205.0,846884629.635
2020,Import,398,710812,89.0,kg,89.0,5190939.544
2020,Import,400,710812,5110.0,kg,5110.0,277571157.019
2020,Import,410,710812,2612.0,kg,2612.0,146818641.602
2020,Import,418,710812,5048.0,kg,5048.0,36660863.055
2020,Import,422,710812,17891.0,kg,17891.0,976742588.361
2020,Import,428,710812,18.0,kg,18.0,776661.656
2020,Import,430,710812,1972.0,kg,1972.0,101172670.899
2020,Import,442,710812,703.0,kg,703.0,39748942.541
2020,Import,458,710812,2053.0,kg,2053.0,106034589.114
2020,Import,466,710812,28712.0,kg,28712.0,1498123747.783
2020,Import,478,710812,3029.0,kg,3029.0,140523980.917
2020,Import,484,710812,24806.0,kg,24806.0,364729372.616
2020,Import,490,710812,266.0,kg,266.0,16095550.631
2020,Import,496,710812,17932.0,kg,17932.0,902194687.987
2020,Import,504,710812,394.0,kg,394.0,12032095.052
2020,Import,512,710812,138.0,kg,138.0,903805.075
2020,Import,528,710812,11.0,kg,11.0,656124.529
2020,Import,531,710812,1.0,kg,1.0,81405.822
2020,Import,558,710812,9662.0,kg,9662.0,112702760.182
2020,Import,579,710812,2385.0,kg,2385.0,136111873.851
2020,Import,591,710812,877.0,kg,877.0,23826153.51
2020,Import,604,710812,136728.0,kg,136728.0,1642612463.059
2020,Import,608,710812,12636.0,kg,12636.0,444664794.533
2020,Import,616,710812,2175.0,kg,2175.0,123819516.868
2020,Import,620,710812,127.0,kg,127.0,6998692.568
2020,Import,642,710812,1432.0,kg,1432.0,50418689.035
2020,Import,643,710812,15655.0,kg,15655.0,897914733.437
2020,Import,682,710812,9341.0,kg,9341.0,387118060.306
2020,Import,686,710812,9512.0,kg,9512.0,485160797.291
2020,Import,688,710812,3.0,kg,3.0,147201.132
2020,Import,699,710812,1183.0,kg,1183.0,61227856.461
2020,Import,702,710812,6339.0,kg,6339.0,350069553.067
2020,Import,703,710812,7.0,kg,7.0,372166.948
2020,Import,704,710812,539.0,kg,539.0,30841927.972
2020,Import,710,710812,32953.0,kg,32953.0,1718332074.163
2020,Import,724,710812,3313.0,kg,3313.0,113585401.876
2020,Import,740,710812,20409.0,kg,20409.0,1117564426.091
2020,Import,752,710812,3740.0,kg,3740.0,191564786.359
2020,Import,762,710812,13138.0,kg,13138.0,777607227.936
2020,Import,764,710812,125491.0,kg,125491.0,7169369178.719
2020,Import,792,710812,4633.0,kg,4633.0,265174493.962
2020,Import,804,710812,315.0,kg,315.0,14293308.893
2020,Import,818,710812,462.0,kg,462.0,22336803.339
2020,Import,834,710812,21640.0,kg,21640.0,783959819.499
2020,Import,854,710812,67977.0,kg,67977.0,3235141524.582
2020,Import,858,710812,21.0,kg,21.0,1189987.856
2020,Import,203,710813,21.0,kg,21.0,915566.537
2020,Import,208,710813,5.0,kg,5.0,347743.068
2020,Import,214,710813,3.0,kg,3.0,164710.58
2020,Import,233,710813,16.0,kg,16.0,872031.749
2020,Import,376,710813,1.0,kg,1.0,32139.04
2020,Import,428,710813,1.0,kg,1.0,44949.661
2020,Import,470,710813,1.0,kg,1.0,1993.83
2020,Import,642,710813,3.0,kg,3.0,145452.532
2020,Import,703,710813,1.0,kg,1.0,29462.83
2020,Import,792,710813,37.0,kg,37.0,2057461.519
2020,Export,156,710811,8.0,kg,8.0,442807.296
2020,Export,276,710811,7.0,kg,7.0,183611.372
2020,Export,32,710812,25.0,kg,25.0,1555901.531
2020,Export,36,710812,142.0,kg,142.0,6644576.295
2020,Export,116,710812,7967.0,kg,7967.0,443134299.456
2020,Export,124,710812,1930.0,kg,1930.0,121709294.457
2020,Export,156,710812,30500.0,kg,30500.0,1638956275.892
2020,Export,203,710812,1281.0,kg,1281.0,73684575.769
2020,Export,208,710812,85.011,kg,85.011,4858699.48
2020,Export,233,710812,1595.0,kg,1595.0,90324683.33
2020,Export,246,710812,842.0,kg,842.0,47397958.882
2020,Export,251,710812,53718.0,kg,53718.0,3073947521.631
2020,Export,276,710812,69585.0,kg,69585.0,3905172183.054
2020,Export,300,710812,30.0,kg,30.0,1655124.846
2020,Export,336,710812,200.0,kg,200.0,11211777.239
2020,Export,344,710812,26710.0,kg,26710.0,1342940405.076
2020,Export,376,710812,49.0,kg,49.0,2725930.707
2020,Export,398,710812,12.0,kg,12.0,762814.346
2020,Export,400,710812,612.0,kg,612.0,35673381.268
2020,Export,410,710812,1162.0,kg,1162.0,66469999.775
2020,Export,422,710812,2367.0,kg,2367.0,137537443.482
2020,Export,446,710812,60.0,kg,60.0,3449581.293
2020,Export,458,710812,8646.0,kg,8646.0,495568809.28
2020,Export,490,710812,9860.0,kg,9860.0,569888749.006
2020,Export,616,710812,488.0,kg,488.0,28230965.302
2020,Export,620,710812,1.0,kg,1.0,36991.134
2020,Export,634,710812,2704.0,kg,2704.0,151968562.347
2020,Export,642,710812,8.0,kg,8.0,493889.58
2020,Export,643,710812,415.0,kg,415.0,25165806.526
2020,Export,682,710812,1460.0,kg,1460.0,79592094.737
2020,Export,699,710812,147760.0,kg,147760.0,8513131815.591
2020,Export,702,710812,26189.0,kg,26189.0,1450078289.615
2020,Export,703,710812,35.0,kg,35.0,1987004.58
2020,Export,710,710812,326.0,kg,326.0,20170440.589
2020,Export,752,710812,214.0,kg,214.0,12736602.123
2020,Export,764,710812,21195.0,kg,21195.0,1215408764.326
2020,Export,784,710812,5862.0,kg,5862.0,325542556.688
2020,Export,788,710812,518.0,kg,518.0,29639052.611
2020,Export,792,710812,77312.0,kg,77312.0,4422760786.009
2020,Export,804,710812,243.0,kg,243.0,14304688.693
2020,Export,826,710812,130387.0,kg,130387.0,7748922995.709
2020,Export,842,710812,508179.0,kg,508179.0,28764866255.533
2020,Export,31,710813,8.0,kg,8.0,463552.778
2020,Export,51,710813,23.0,kg,23.0,1366318.105
2020,Export,76,710813,1.0,kg,1.0,6282.278
2020,Export,233,710813,456.0,kg,456.0,24334846.578
2020,Export,251,710813,4520.0,kg,4520.0,215623887.446
2020,Export,376,710813,28.0,kg,28.0,1622663.391
2020,Export,400,710813,9.0,kg,9.0,533805.976
2020,Export,422,710813,89.0,kg,89.0,5171934.932
2020,Export,440,710813,2.0,kg,2.0,1225.966
2020,Export,458,710813,213.0,kg,213.0,12216454.478
2020,Export,490,710813,51.0,kg,51.0,2989898.305
2020,Export,634,710813,387.0,kg,387.0,24572694.698
2020,Export,682,710813,330.0,kg,330.0,18076136.241
2020,Export,702,710813,1831.0,kg,1831.0,101434467.636
2020,Export,784,710813,3244.0,kg,3244.0,185830935.556
2020,Export,804,710813,1041.0,kg,1041.0,58702519.382
2020,Export,842,710813,8416.0,kg,8416.0,481194791.661
2021,Import,203,710811,3.0,kg,3.0,130413.24
2021,Import,246,710811,85.0,kg,85.0,4610028.335
2021,Import,702,710811,52.0,kg,52.0,253404.838
2021,Import,826,710811,73.0,kg,73.0,2212145.161
2021,Import,31,710812,8515.0,kg,8515.0,197446108.616
2021,Import,32,710812,136198.0,kg,136198.0,757868612.716
2021,Import,36,710812,62170.0,kg,62170.0,1354503717.339
2021,Import,56,710812,3289.0,kg,3289.0,181160645.957
2021,Import,76,710812,20802.0,kg,20802.0,1013686132.234
2021,Import,112,710812,38.0,kg,38.0,2146962.065
2021,Import,124,710812,54081.0,kg,54081.0,2396396317.256
2021,Import,152,710812,131554.0,kg,131554.0,839782958.864
2021,Import,170,710812,5393.0,kg,5393.0,196154562.26
2021,Import,203,710812,98.0,kg,98.0,3879273.902
2021,Import,214,710812,60613.0,kg,60613.0,889250759.772
2021,Import,218,710812,6416.0,kg,6416.0,263570573.578
2021,Import,246,710812,15836.0,kg,15836.0,884696520.131
2021,Import,251,710812,21456.0,kg,21456.0,1203011296.303
2021,Import,268,710812,2152.0,kg,2152.0,65501996.705
2021,Import,276,710812,34715.0,kg,34715.0,1392574975.971
2021,Import,288,710812,46092.0,kg,46092.0,2350499923.925
2021,Import,324,710812,4698.0,kg,4698.0,239609110.425
2021,Import,328,710812,127.0,kg,127.0,7099834.621
2021,Import,344,710812,43895.0,kg,43895.0,2522715116.178
2021,Import,360,710812,10392.0,kg,10392.0,604741409.397
2021,Import,372,710812,24.0,kg,24.0,1407378.908
2021,Import,384,710812,24894.0,kg,24894.0,851369055.561
2021,Import,392,710812,13299.0,kg,13299.0,782616493.168
2021,Import,398,710812,24.0,kg,24.0,1408626.243
2021,Import,400,710812,176.0,kg,176.0,8559254.748
2021,Import,404,710812,247.0,kg,247.0,12164278.001
2021,Import,410,710812,534.0,kg,534.0,30734595.597
2021,Import,417,710812,20563.0,kg,20563.0,1203927425.491
2021,Import,418,710812,14658.0,kg,14658.0,117334994.048
2021,Import,422,710812,7279.0,kg,7279.0,408111679.284
2021,Import,428,710812,26.0,kg,26.0,1536191.402
2021,Import,430,710812,6883.0,kg,6883.0,342511663.939
2021,Import,442,710812,968.0,kg,968.0,53200913.419
2021,Import,458,710812,1526.0,kg,1526.0,78443051.419
2021,Import,462,710812,205.0,kg,205.0,3861578.159
2021,Import,466,710812,24953.0,kg,24953.0,1355790647.462
2021,Import,484,710812,45496.0,kg,45496.0,849872016.251
2021,Import,490,710812,286.0,kg,286.0,16686312.329
2021,Import,496,710812,21429.0,kg,21429.0,1104633920.621
2021,Import,504,710812,500.0,kg,500.0,17763539.196
2021,Import,512,710812,1227.0,kg,1227.0,2007600.838
2021,Import,554,710812,13.0,kg,13.0,797417.918
2021,Import,558,710812,18199.0,kg,18199.0,197190323.994
2021,Import,566,710812,101.0,kg,101.0,5538996.319
2021,Import,579,710812,1816.0,kg,1816.0,106287052.333
2021,Import,591,710812,799.0,kg,799.0,32309001.401
2021,Import,604,710812,174676.0,kg,174676.0,2061330063.165
2021,Import,608,710812,12755.0,kg,12755.0,455738281.489
2021,Import,620,710812,31.0,kg,31.0,1771729.808
2021,Import,642,710812,687.0,kg,687.0,23964646.045
2021,Import,643,710812,17508.0,kg,17508.0,1012747054.273
2021,Import,682,710812,10665.0,kg,10665.0,418779479.275
2021,Import,686,710812,13581.0,kg,13581.0,710234464.135
2021,Import,702,710812,7669.0,kg,7669.0,440625170.3
2021,Import,703,710812,1.0,kg,1.0,27104.369
2021,Import,710,710812,63269.0,kg,63269.0,3673183526.211
2021,Import,740,710812,19682.0,kg,19682.0,1091688177.459
2021,Import,752,710812,1129.0,kg,1129.0,60903220.644
2021,Import,762,710812,3231.0,kg,3231.0,183251930.931
2021,Import,764,710812,10837.0,kg,10837.0,643805787.321
2021,Import,784,710812,125522.0,kg,125522.0,7437468244.401
2021,Import,792,710812,5248.0,kg,5248.0,296853763.23
2021,Import,804,710812,628.0,kg,628.0,30016571.64
2021,Import,826,710812,534369.0,kg,534369.0,30841762519.777
2021,Import,834,710812,14129.0,kg,14129.0,556108707.957
2021,Import,854,710812,67857.0,kg,67857.0,3378190149.853
2021,Import,858,710812,93.0,kg,93.0,5352749.524
2021,Import,860,710812,40000.0,kg,40000.0,2355454618.247
2021,Import,233,710813,4.0,kg,4.0,263428.377
2021,Import,384,710813,2.0,kg,2.0,115870.847
2021,Import,422,710813,9.0,kg,9.0,509742.007
2021,Import,579,710813,1.0,kg,1.0,47217.097
2021,Import,604,710813,14.0,kg,14.0,118878.675
2021,Import,620,710813,13.0,kg,13.0,735524.942
2021,Import,643,710813,40.0,kg,40.0,3558169.415
2021,Import,748,710813,1.0,kg,1.0,73596.041
2021,Export,40,710811,10.0,kg,10.0,487700.286
2021,Export,156,710811,13.0,kg,13.0,708943.579
2021,Export,842,710811,12.0,kg,12.0,655272.071
2021,Export,20,710812,5.0,kg,5.0,313013.222
2021,Export,31,710812,72.0,kg,72.0,4196180.122
2021,Export,40,710812,18999.0,kg,18999.0,1094809822.331
2021,Export,116,710812,2000.0,kg,2000.0,114911746.209
2021,Export,124,710812,653.0,kg,653.0,37819520.189
2021,Export,144,710812,3.0,kg,3.0,173528.356
2021,Export,152,710812,2.0,kg,2.0,117819.534
2021,Export,156,710812,274809.0,kg,274809.0,15935169099.057
2021,Export,203,710812,960.0,kg,960.0,56536906.23
2021,Export,208,710812,135.0,kg,135.0,7726070.048
2021,Export,233,710812,355.0,kg,355.0,20526512.919
2021,Export,246,710812,878.0,kg,878.0,50922452.714
2021,Export,251,710812,31282.0,kg,31282.0,1816553913.876
2021,Export,300,710812,135.0,kg,135.0,7864994.708
2021,Export,332,710812,300.0,kg,300.0,17098363.942
2021,Export,344,710812,79065.0,kg,79065.0,4589096039.903
2021,Export,372,710812,28.0,kg,28.0,1640187.402
2021,Export,376,710812,39.0,kg,39.0,2257980.341
2021,Export,400,710812,8255.0,kg,8255.0,485187543.333
2021,Export,410,710812,2098.0,kg,2098.0,121538267.566
2021,Export,422,710812,1301.0,kg,1301.0,74018898.962
2021,Export,440,710812,5.0,kg,5.0,302455.736
2021,Export,446,710812,130.0,kg,130.0,7486160.498
2021,Export,458,710812,10928.0,kg,10928.0,633678743.116
2021,Export,490,710812,5052.0,kg,5052.0,294108748.941
2021,Export,554,710812,535.0,kg,535.0,31208358.557
2021,Export,591,710812,11.0,kg,11.0,665586.655
2021,Export,634,710812,3230.0,kg,3230.0,187083849.873
2021,Export,642,710812,31.0,kg,31.0,1965381.834
2021,Export,643,710812,1000.0,kg,1000.0,58454913.409
2021,Export,682,710812,7100.0,kg,7100.0,414742787.333
2021,Export,686,710812,1.0,kg,1.0,69187.697
2021,Export,699,710812,507224.0,kg,507224.0,29221123622.965
2021,Export,702,710812,33409.0,kg,33409.0,1953189893.515
2021,Export,703,710812,180.0,kg,180.0,10326449.29
2021,Export,764,710812,56416.0,kg,56416.0,3275535573.082
2021,Export,784,710812,16840.0,kg,16840.0,973947422.086
2021,Export,788,710812,302.0,kg,302.0,17736198.49
2021,Export,792,710812,11395.0,kg,11395.0,654474026.068
2021,Export,804,710812,258.0,kg,258.0,14883640.956
2021,Export,858,710812,21.0,kg,21.0,1254654.785
2021,Export,20,710813,4.0,kg,4.0,230313.824
2021,Export,31,710813,54.0,kg,54.0,3194311.978
2021,Export,32,710813,30.0,kg,30.0,1824866.275
2021,Export,51,710813,4.0,kg,4.0,198426.911
2021,Export,100,710813,1.0,kg,1.0,46397.576
2021,Export,156,710813,1.0,kg,1.0,88666.911
2021,Export,203,710813,3488.0,kg,3488.0,203458131.529
2021,Export,233,710813,2844.0,kg,2844.0,164701662.601
2021,Export,344,710813,278.0,kg,278.0,15694216.07
2021,Export,400,710813,94.0,kg,94.0,5602795.311
2021,Export,422,710813,1511.0,kg,1511.0,87609346.861
2021,Export,458,710813,495.0,kg,495.0,29091438.663
2021,Export,490,710813,74.0,kg,74.0,4378827.152
2021,Export,554,710813,35.0,kg,35.0,2032660.234
2021,Export,634,710813,276.0,kg,276.0,16263837.811
2021,Export,699,710813,5108.0,kg,5108.0,266515885.779
2021,Export,702,710813,888.0,kg,888.0,51906890.994
2021,Export,705,710813,12.0,kg,12.0,545327.159
2021,Export,792,710813,2.0,kg,2.0,127861.675
2021,Export,804,710813,1518.0,kg,1518.0,88223600.214
2021,Export,842,710813,37270.0,kg,37270.0,2190043491.25
2022,Import,203,710811,14.0,kg,14.0,577753.515
2022,Import,246,710811,45.0,kg,45.0,2442462.096
2022,Import,702,710811,45.0,kg,45.0,333497.357
2022,Import,710,710811,134.0,kg,134.0,7387132.442
2022,Import,31,710812,9247.0,kg,9247.0,189113152.573
2022,Import,32,710812,149093.0,kg,149093.0,926659447.186
2022,Import,36,710812,127658.0,kg,127658.0,3021605156.456
2022,Import,56,710812,6078.0,kg,6078.0,344381356.159
2022,Import,76,710812,24187.0,kg,24187.0,1208410582.933
2022,Import,116,710812,180.0,kg,180.0,10292979.623
2022,Import,124,710812,134614.0,kg,134614.0,6942133577.509
2022,Import,152,710812,126493.0,kg,126493.0,761810969.411
2022,Import,156,710812,2850.0,kg,2850.0,172552684.555
2022,Import,170,710812,2450.0,kg,2450.0,123539042.803
2022,Import,208,710812,140.0,kg,140.0,6229465.067
2022,Import,214,710812,68285.0,kg,68285.0,1025524063.836
2022,Import,218,710812,9597.0,kg,9597.0,436982908.776
2022,Import,233,710812,90.0,kg,90.0,4892307.9
2022,Import,246,710812,16541.0,kg,16541.0,911139909.378
2022,Import,251,710812,15901.0,kg,15901.0,815989551.87
2022,Import,268,710812,2565.0,kg,2565.0,77261227.097
2022,Import,288,710812,65055.0,kg,65055.0,3272969034.434
2022,Import,300,710812,4.0,kg,4.0,246483.523
2022,Import,324,710812,6822.0,kg,6822.0,344578117.191
2022,Import,344,710812,41726.0,kg,41726.0,2402052818.629
2022,Import,360,710812,1244.0,kg,1244.0,74177468.234
2022,Import,372,710812,55.0,kg,55.0,3378006.638
2022,Import,380,710812,23089.0,kg,23089.0,1247069612.923
2022,Import,384,710812,34669.0,kg,34669.0,1332256665.936
2022,Import,392,710812,22501.0,kg,22501.0,1302511523.834
2022,Import,398,710812,48570.0,kg,48570.0,2748742814.877
2022,Import,400,710812,66.0,kg,66.0,3576938.487
2022,Import,404,710812,80.0,kg,80.0,3694458.947
2022,Import,410,710812,2053.0,kg,2053.0,123450895.913
2022,Import,417,710812,1674.0,kg,1674.0,94015062.217
2022,Import,418,710812,8603.0,kg,8603.0,75343340.312
2022,Import,422,710812,2541.0,kg,2541.0,147415712.113
2022,Import,428,710812,11.0,kg,11.0,618512.092
2022,Import,430,710812,10502.0,kg,10502.0,543537443.352
2022,Import,442,710812,291.0,kg,291.0,15277972.918
2022,Import,458,710812,1534.0,kg,1534.0,82848576.497
2022,Import,466,710812,23970.0,kg,23970.0,1260985445.955
2022,Import,478,710812,5354.0,kg,5354.0,293625003.007
2022,Import,484,710812,52745.0,kg,52745.0,1396129578.952
2022,Import,490,710812,553.0,kg,553.0,32306892.307
2022,Import,496,710812,18991.0,kg,18991.0,949866046.196
2022,Import,504,710812,436.0,kg,436.0,15282154.332
2022,Import,512,710812,393.0,kg,393.0,633474.287
2022,Import,528,710812,103.0,kg,103.0,5908612.482
2022,Import,558,710812,21835.0,kg,21835.0,213843974.933
2022,Import,566,710812,3116.0,kg,3116.0,170917211.295
2022,Import,579,710812,1918.0,kg,1918.0,111145873.861
2022,Import,591,710812,924.0,kg,924.0,37713700.541
2022,Import,604,710812,201258.0,kg,201258.0,2290556884.068
2022,Import,608,710812,70687.0,kg,70687.0,3486748361.332
2022,Import,616,710812,691.0,kg,691.0,39016561.316
2022,Import,642,710812,883.0,kg,883.0,34310473.473
2022,Import,643,710812,63802.0,kg,63802.0,3712748538.512
2022,Import,682,710812,11258.0,kg,11258.0,441205225.962
2022,Import,686,710812,12081.0,kg,12081.0,631954371.199
2022,Import,702,710812,7290.0,kg,7290.0,421529811.785
2022,Import,703,710812,20.0,kg,20.0,1079914.854
2022,Import,710,710812,97262.0,kg,97262.0,5624807145.402
2022,Import,716,710812,138.0,kg,138.0,8242468.813
2022,Import,724,710812,2973.0,kg,2973.0,121895041.259
2022,Import,740,710812,22185.0,kg,22185.0,1223251494.93
2022,Import,752,710812,2291.0,kg,2291.0,111588828.345
2022,Import,764,710812,39757.0,kg,39757.0,2393538126.459
2022,Import,784,710812,140378.0,kg,140378.0,8285895888.657
2022,Import,792,710812,1731.0,kg,1731.0,94345037.887
2022,Import,804,710812,86.0,kg,86.0,4879183.517
2022,Import,826,710812,48501.0,kg,48501.0,2718925031.57
2022,Import,834,710812,9877.0,kg,9877.0,346134413.757
2022,Import,842,710812,382344.0,kg,382344.0,21613734730.007
2022,Import,854,710812,61458.0,kg,61458.0,3023257714.557
2022,Import,858,710812,81.0,kg,81.0,4725445.078
2022,Import,860,710812,74889.0,kg,74889.0,4274946472.698
2022,Import,100,710813,1.0,kg,1.0,44858.311
2022,Import,442,710813,160.0,kg,160.0,9133449.304
2022,Import,688,710813,10.0,kg,10.0,567136.095
2022,Import,710,710813,6.0,kg,6.0,191207.804
2022,Import,724,710813,26.0,kg,26.0,1170179.155
2022,Import,752,710813,37.0,kg,37.0,374379.503
2022,Export,40,710811,32.0,kg,32.0,1557587.747
2022,Export,20,710812,1.0,kg,1.0,54767.833
2022,Export,36,710812,1437.0,kg,1437.0,82105864.992
2022,Export,40,710812,26944.0,kg,26944.0,1550967575.45
2022,Export,100,710812,14.0,kg,14.0,790306.114
2022,Export,124,710812,2146.0,kg,2146.0,122189464.962
2022,Export,136,710812,7.0,kg,7.0,423344.877
2022,Export,144,710812,7.0,kg,7.0,450195.776
2022,Export,156,710812,478176.0,kg,478176.0,27406425138.294
2022,Export,208,710812,44.0,kg,44.0,4379276.769
2022,Export,233,710812,600.0,kg,600.0,35411872.397
2022,Export,246,710812,1404.0,kg,1404.0,83092269.269
2022,Export,251,710812,50134.0,kg,50134.0,2907349503.251
2022,Export,300,710812,208.0,kg,208.0,11981992.367
2022,Export,336,710812,99.0,kg,99.0,5595469.281
2022,Export,344,710812,45481.0,kg,45481.0,2611477408.517
2022,Export,348,710812,1.0,kg,1.0,28266.694
2022,Export,392,710812,402.032,kg,402.032,22990671.33
2022,Export,400,710812,14195.0,kg,14195.0,824792823.397
2022,Export,410,710812,610.0,kg,610.0,34563756.375
2022,Export,422,710812,4486.0,kg,4486.0,256763630.271
2022,Export,428,710812,10.0,kg,10.0,554848.414
2022,Export,458,710812,8523.0,kg,8523.0,499755391.514
2022,Export,490,710812,8641.0,kg,8641.0,495809435.117
2022,Export,524,710812,200.0,kg,200.0,11790298.668
2022,Export,554,710812,66.0,kg,66.0,3806233.497
2022,Export,591,710812,28.0,kg,28.0,1515714.963
2022,Export,616,710812,495.0,kg,495.0,28671507.222
2022,Export,634,710812,1048.0,kg,1048.0,58914238.649
2022,Export,682,710812,47425.0,kg,47425.0,2753766992.829
2022,Export,688,710812,73.0,kg,73.0,4454884.653
2022,Export,699,710812,224464.0,kg,224464.0,12940151529.183
2022,Export,702,710812,69383.0,kg,69383.0,3943323886.422
2022,Export,752,710812,70.0,kg,70.0,4127868.33
2022,Export,764,710812,91942.0,kg,91942.0,5285341870.363
2022,Export,784,710812,32598.0,kg,32598.0,1867518285.503
2022,Export,788,710812,540.0,kg,540.0,31274640.128
2022,Export,792,710812,188148.0,kg,188148.0,10592039063.411
2022,Export,796,710812,100.0,kg,100.0,5885683.295
2022,Export,804,710812,132.0,kg,132.0,7333650.554
2022,Export,807,710812,21.0,kg,21.0,1163197.565
2022,Export,826,710812,52791.0,kg,52791.0,3137570582.868
2022,Export,842,710812,118416.0,kg,118416.0,7105336579.301
2022,Export,858,710812,15.0,kg,15.0,979145.183
2022,Export,20,710813,1.0,kg,1.0,28440.527
2022,Export,31,710813,6.0,kg,6.0,349470.087
2022,Export,32,710813,21.0,kg,21.0,1349218.657
2022,Export,40,710813,20655.0,kg,20655.0,1203586041.586
2022,Export,51,710813,3.0,kg,3.0,143374.438
2022,Export,152,710813,2.0,kg,2.0,50096.336
2022,Export,156,710813,1.0,kg,1.0,85231.524
2022,Export,218,710813,1.0,kg,1.0,103032.64
2022,Export,233,710813,2153.0,kg,2153.0,126163630.458
2022,Export,376,710813,120.0,kg,120.0,7355291.702
2022,Export,400,710813,755.0,kg,755.0,43538028.155
2022,Export,422,710813,4235.0,kg,4235.0,247733275.392
2022,Export,458,710813,658.0,kg,658.0,37276716.064
2022,Export,470,710813,1.0,kg,1.0,11781.891
2022,Export,484,710813,22.0,kg,22.0,124094.694
2022,Export,490,710813,29.0,kg,29.0,1698927.502
2022,Export,554,710813,24.0,kg,24.0,1303765.544
2022,Export,591,710813,9.0,kg,9.0,527403.76
2022,Export,616,710813,2716.0,kg,2716.0,158888004.448
2022,Export,634,710813,12.0,kg,12.0,684695.301
2022,Export,682,710813,799.0,kg,799.0,45332939.688
2022,Export,699,710813,299.0,kg,299.0,16694655.492
2022,Export,702,710813,1194.0,kg,1194.0,69595461.471
2022,Export,784,710813,14972.0,kg,14972.0,877516535.546
2022,Export,804,710813,303.0,kg,303.0,17191033.222
2022,Export,826,710813,2073.0,kg,2073.0,115110850.299
2022,Export,842,710813,40981.0,kg,40981.0,2400771616.804
2023,Import,40,710811,1.0,kg,1.0,17984.581
2023,Import,246,710811,21.0,kg,21.0,1238065.647
2023,Import,392,710811,2.0,kg,2.0,32525.779
2023,Import,702,710811,55.0,kg,55.0,211647.306
2023,Import,752,710811,2.0,kg,2.0,597.446
2023,Import,31,710812,6562.0,kg,6562.0,160663139.449
2023,Import,32,710812,183187.0,kg,183187.0,1102636960.108
2023,Import,36,710812,197560.0,kg,197560.0,5313800338.438
2023,Import,56,710812,3277.0,kg,3277.0,195184869.506
2023,Import,76,710812,22870.0,kg,22870.0,1213141326.855
2023,Import,124,710812,103378.0,kg,103378.0,5859549066.762
2023,Import,152,710812,163354.0,kg,163354.0,595782124.078
2023,Import,156,710812,2156.0,kg,2156.0,137261930.303
2023,Import,170,710812,2403.0,kg,2403.0,136406229.188
2023,Import,203,710812,46.0,kg,46.0,2250452.344
2023,Import,208,710812,44.0,kg,44.0,2002762.447
2023,Import,214,710812,46801.0,kg,46801.0,805465148.896
2023,Import,218,710812,8569.0,kg,8569.0,379660207.767
2023,Import,233,710812,174.0,kg,174.0,10243368.469
2023,Import,246,710812,18036.0,kg,18036.0,1065514068.929
2023,Import,251,710812,11470.0,kg,11470.0,602083009.921
2023,Import,268,710812,2417.0,kg,2417.0,77401981.124
2023,Import,276,710812,55927.0,kg,55927.0,2797825423.964
2023,Import,288,710812,62150.0,kg,62150.0,3333800625.84
2023,Import,324,710812,4292.0,kg,4292.0,239726412.965
2023,Import,344,710812,37179.0,kg,37179.0,2059138896.287
2023,Import,360,710812,277.0,kg,277.0,18010715.789
2023,Import,372,710812,172.0,kg,172.0,1521436.551
2023,Import,376,710812,2.0,kg,2.0,127312.807
2023,Import,380,710812,22128.0,kg,22128.0,1294681602.802
2023,Import,384,710812,41597.0,kg,41597.0,1884716699.364
2023,Import,392,710812,35100.0,kg,35100.0,2214432071.39
2023,Import,398,710812,59101.0,kg,59101.0,3697734980.623
2023,Import,400,710812,2795.0,kg,2795.0,157031255.48
2023,Import,410,710812,2229.0,kg,2229.0,140440420.381
2023,Import,417,710812,18359.0,kg,18359.0,1183387088.263
2023,Import,418,710812,6219.0,kg,6219.0,59577107.855
2023,Import,422,710812,2225.0,kg,2225.0,132839526.947
2023,Import,430,710812,12360.0,kg,12360.0,707364267.299
2023,Import,442,710812,1482.0,kg,1482.0,93387960.234
2023,Import,458,710812,3580.0,kg,3580.0,223959908.042
2023,Import,466,710812,18121.0,kg,18121.0,1022554090.486
2023,Import,470,710812,6.0,kg,6.0,364446.706
2023,Import,478,710812,11629.0,kg,11629.0,671666387.949
2023,Import,484,710812,52171.0,kg,52171.0,1969361633.485
2023,Import,490,710812,742.0,kg,742.0,46695271.802
2023,Import,496,710812,15215.0,kg,15215.0,834910891.574
2023,Import,504,710812,149.0,kg,149.0,6556708.575
2023,Import,508,710812,166.0,kg,166.0,8847509.128
2023,Import,528,710812,12.0,kg,12.0,730327.505
2023,Import,558,710812,27038.0,kg,27038.0,243645478.366
2023,Import,566,710812,2705.0,kg,2705.0,146403345.193
2023,Import,579,710812,2003.0,kg,2003.0,125332770.804
2023,Import,591,710812,731.0,kg,731.0,32162981.946
2023,Import,604,710812,164661.0,kg,164661.0,2194578263.743
2023,Import,608,710812,31027.0,kg,31027.0,1499322058.295
2023,Import,616,710812,2372.0,kg,2372.0,149690442.556
2023,Import,620,710812,13.0,kg,13.0,810929.355
2023,Import,642,710812,1325.0,kg,1325.0,60616433.039
2023,Import,643,710812,63414.0,kg,63414.0,3906753383.68
2023,Import,682,710812,10228.0,kg,10228.0,447157080.732
2023,Import,686,710812,10566.0,kg,10566.0,593906011.35
2023,Import,699,710812,900.0,kg,900.0,56875267.572
2023,Import,702,710812,10743.0,kg,10743.0,611697423.174
2023,Import,710,710812,59507.0,kg,59507.0,3749193632.971
2023,Import,716,710812,50.0,kg,50.0,3466934.269
2023,Import,724,710812,11145.0,kg,11145.0,653321958.895
2023,Import,740,710812,20234.0,kg,20234.0,1178588406.094
2023,Import,752,710812,5930.0,kg,5930.0,374087219.591
2023,Import,762,710812,7595.0,kg,7595.0,466524221.068
2023,Import,764,710812,41531.0,kg,41531.0,2629365633.4
2023,Import,784,710812,151836.0,kg,151836.0,9708125676.657
2023,Import,792,710812,5089.0,kg,5089.0,322544359.576
2023,Import,818,710812,8427.0,kg,8427.0,443788652.789
2023,Import,826,710812,41826.0,kg,41826.0,2435320582.441
2023,Import,834,710812,11732.0,kg,11732.0,430082544.414
2023,Import,842,710812,252078.0,kg,252078.0,15240084368.911
2023,Import,854,710812,56586.0,kg,56586.0,2982693373.462
2023,Import,858,710812,62.0,kg,62.0,3923300.928
2023,Import,860,710812,130080.0,kg,130080.0,8173825112.223
2023,Import,124,710813,82.0,kg,82.0,5004949.12
2023,Import,148,710813,1.0,kg,1.0,906.739
2023,Import,233,710813,30.0,kg,30.0,1987620.465
2023,Import,300,710813,3.0,kg,3.0,12040.157
2023,Import,372,710813,5.0,kg,5.0,321460.61
2023,Import,442,710813,1.0,kg,1.0,157.984
2023,Import,450,710813,1.0,kg,1.0,4270.017
2023,Import,710,710813,1.0,kg,1.0,3565.764
2023,Import,792,710813,42.0,kg,42.0,2714364.405
2023,Export,40,710811,1.0,kg,1.0,39257.897
2023,Export,842,710811,20.0,kg,20.0,1328985.406
2023,Export,32,710812,9.0,kg,9.0,606414.69
2023,Export,48,710812,220.0,kg,220.0,13544271.627
2023,Export,51,710812,5.0,kg,5.0,311365.213
2023,Export,100,710812,30.0,kg,30.0,1944845.756
2023,Export,124,710812,200.0,kg,200.0,12539501.536
2023,Export,144,710812,9.0,kg,9.0,569950.439
2023,Export,156,710812,444108.0,kg,444108.0,27919446748.341
2023,Export,203,710812,837.0,kg,837.0,53533098.341
2023,Export,233,710812,74.0,kg,74.0,4614888.99
2023,Export,246,710812,330.0,kg,330.0,21050781.893
2023,Export,251,710812,44159.0,kg,44159.0,2779340379.187
2023,Export,300,710812,224.0,kg,224.0,14068292.128
2023,Export,336,710812,102.0,kg,102.0,6133093.545
2023,Export,344,710812,131822.0,kg,131822.0,8257042476.732
2023,Export,348,710812,9.0,kg,9.0,257687.387
2023,Export,376,710812,99.0,kg,99.0,6186141.66
2023,Export,392,710812,265.0,kg,265.0,16021428.704
2023,Export,400,710812,6157.0,kg,6157.0,385089931.208
2023,Export,414,710812,35.0,kg,35.0,2222791.803
2023,Export,422,710812,14266.0,kg,14266.0,882967548.842
2023,Export,434,710812,85.0,kg,85.0,5162618.208
2023,Export,440,710812,16.0,kg,16.0,986657.565
2023,Export,442,710812,76.002,kg,76.002,4799161.684
2023,Export,458,710812,6281.0,kg,6281.0,394736732.282
2023,Export,484,710812,1.0,kg,1.0,791.032
2023,Export,490,710812,3719.0,kg,3719.0,234015767.372
2023,Export,496,710812,1961.0,kg,1961.0,126761477.455
2023,Export,504,710812,50.0,kg,50.0,3111099.913
2023,Export,616,710812,101.0,kg,101.0,6107112.974
2023,Export,634,710812,29.0,kg,29.0,1888201.837
2023,Export,682,710812,70753.0,kg,70753.0,4436739511.064
2023,Export,688,710812,19.0,kg,19.0,1241246.465
2023,Export,699,710812,233937.0,kg,233937.0,14593106194.062
2023,Export,702,710812,34655.0,kg,34655.0,2173627252.047
2023,Export,710,710812,550.0,kg,550.0,34773573.151
2023,Export,752,710812,22.0,kg,22.0,1413515.716
2023,Export,762,710812,3013.0,kg,3013.0,177689857.811
2023,Export,764,710812,45032.0,kg,45032.0,2820924683.518
2023,Export,784,710812,99242.0,kg,99242.0,6132346821.506
2023,Export,788,710812,606.0,kg,606.0,38010656.358
2023,Export,792,710812,218223.0,kg,218223.0,13538276190.925
2023,Export,804,710812,618.0,kg,618.0,38688804.66
2023,Export,818,710812,335.0,kg,335.0,21133944.864
2023,Export,826,710812,71870.0,kg,71870.0,4466630505.897
2023,Export,860,710812,639.0,kg,639.0,40110576.706
2023,Export,32,710813,5.0,kg,5.0,349257.996
2023,Export,36,710813,563.0,kg,563.0,35529991.37
2023,Export,48,710813,63.0,kg,63.0,4013266.108
2023,Export,51,710813,15.0,kg,15.0,951157.906
2023,Export,56,710813,377.0,kg,377.0,23497354.614
2023,Export,100,710813,1.0,kg,1.0,85078.804
2023,Export,156,710813,2.0,kg,2.0,99670.067
2023,Export,203,710813,782.0,kg,782.0,49638141.067
2023,Export,233,710813,1188.0,kg,1188.0,74684905.403
2023,Export,246,710813,11.0,kg,11.0,694526.341
2023,Export,344,710813,253.0,kg,253.0,16138011.954
2023,Export,360,710813,1.0,kg,1.0,9727.138
2023,Export,400,710813,429.0,kg,429.0,27464849.881
2023,Export,422,710813,10413.0,kg,10413.0,655035393.777
2023,Export,440,710813,276.0,kg,276.0,17403685.851
2023,Export,484,710813,2.0,kg,2.0,162477.585
2023,Export,490,710813,19.0,kg,19.0,1212630.232
2023,Export,579,710813,20.0,kg,20.0,1275504.504
2023,Export,616,710813,1078.0,kg,1078.0,67089941.93
2023,Export,642,710813,102.0,kg,102.0,6393302.0
2023,Export,682,710813,949.0,kg,949.0,60488421.543
2023,Export,688,710813,52.0,kg,52.0,3367566.819
2023,Export,702,710813,2258.0,kg,2258.0,142365772.921
2023,Export,762,710813,500.0,kg,500.0,30349861.421
2023,Export,784,710813,17587.0,kg,17587.0,1110013480.74
2023,Export,804,710813,581.0,kg,581.0,36965555.86
2023,Export,807,710813,26.0,kg,26.0,1769065.256
2023,Export,842,710813,45433.0,kg,45433.0,2892423512.276
2024,Import,56,710811,1.0,kg,1.0,2962.152
2024,Import,31,710812,6342.0,kg,6342.0,220152891.676
2024,Import,32,710812,159779.0,kg,159779.0,1633577053.852
2024,Import,76,710812,19003.0,kg,19003.0,1130057931.542
2024,Import,100,710812,278.0,kg,278.0,21799205.824
2024,Import,152,710812,186621.0,kg,186621.0,898665022.825
2024,Import,170,710812,2671.0,kg,2671.0,181266742.148
2024,Import,203,710812,182.0,kg,182.0,13716749.049
2024,Import,208,710812,34.0,kg,34.0,2010456.498
2024,Import,214,710812,31559.0,kg,31559.0,663549766.319
2024,Import,218,710812,8693.0,kg,8693.0,487235496.638
2024,Import,233,710812,138.0,kg,138.0,9900902.643
2024,Import,246,710812,16360.0,kg,16360.0,1188671825.728
2024,Import,268,710812,2502.0,kg,2502.0,97848192.037
2024,Import,288,710812,62144.0,kg,62144.0,4164417237.352
2024,Import,324,710812,303.0,kg,303.0,17057407.364
2024,Import,344,710812,49867.0,kg,49867.0,3684192261.748
2024,Import,360,710812,230.0,kg,230.0,16914316.545
2024,Import,372,710812,100.0,kg,100.0,862982.462
2024,Import,384,710812,50434.0,kg,50434.0,2710184311.51
2024,Import,392,710812,26594.0,kg,26594.0,2061317428.437
2024,Import,398,710812,36905.0,kg,36905.0,2703832668.366
2024,Import,400,710812,1436.0,kg,1436.0,88458119.857
2024,Import,410,710812,418.0,kg,418.0,32021782.551
2024,Import,417,710812,23263.0,kg,23263.0,1844413276.35
2024,Import,418,710812,18518.0,kg,18518.0,168452587.536
2024,Import,422,710812,1562.0,kg,1562.0,110238339.737
2024,Import,428,710812,69.0,kg,69.0,3148860.078
2024,Import,430,710812,12281.0,kg,12281.0,893764987.725
2024,Import,446,710812,148.0,kg,148.0,11499983.401
2024,Import,458,710812,1875.0,kg,1875.0,144364996.261
2024,Import,466,710812,2270.0,kg,2270.0,119751508.206
2024,Import,478,710812,10864.0,kg,10864.0,758835631.726
2024,Import,484,710812,48675.0,kg,48675.0,1943045379.096
2024,Import,496,710812,12656.0,kg,12656.0,849171948.2
2024,Import,504,710812,65.0,kg,65.0,4599718.498
2024,Import,508,710812,194.0,kg,194.0,11004094.317
2024,Import,528,710812,1049.0,kg,1049.0,68373841.304
2024,Import,558,710812,25653.0,kg,25653.0,261112204.925
2024,Import,566,710812,3183.0,kg,3183.0,200154967.591
2024,Import,579,710812,2303.0,kg,2303.0,183621434.156
2024,Import,591,710812,470.0,kg,470.0,23619772.22
2024,Import,604,710812,169435.0,kg,169435.0,2800129877.14
2024,Import,608,710812,18542.0,kg,18542.0,867503984.085
2024,Import,620,710812,81.0,kg,81.0,6432402.688
2024,Import,642,710812,1072.0,kg,1072.0,46602560.128
2024,Import,643,710812,9859.0,kg,9859.0,718562795.041
2024,Import,682,710812,14013.0,kg,14013.0,885691400.371
2024,Import,686,710812,8103.0,kg,8103.0,555146330.114
2024,Import,699,710812,5233.0,kg,5233.0,367382000.886
2024,Import,702,710812,12757.0,kg,12757.0,1002062213.5
2024,Import,703,710812,100.0,kg,100.0,6927191.187
2024,Import,710,710812,37342.0,kg,37342.0,2782687109.413
2024,Import,716,710812,61.0,kg,61.0,4013549.639
2024,Import,724,710812,5098.0,kg,5098.0,362536518.004
2024,Import,740,710812,18609.0,kg,18609.0,1317161538.349
2024,Import,752,710812,3154.0,kg,3154.0,218352716.201
2024,Import,762,710812,5050.0,kg,5050.0,340803716.415
2024,Import,764,710812,27882.0,kg,27882.0,2196700098.258
2024,Import,784,710812,155797.0,kg,155797.0,12376011958.088
2024,Import,804,710812,344.0,kg,344.0,16623562.199
2024,Import,818,710812,17950.0,kg,17950.0,1174227451.41
2024,Import,826,710812,53709.0,kg,53709.0,3931181574.491
2024,Import,834,710812,5943.0,kg,5943.0,212595198.157
2024,Import,854,710812,49627.0,kg,49627.0,3157501476.828
2024,Import,858,710812,7.0,kg,7.0,470186.051
2024,Import,860,710812,86743.0,kg,86743.0,6135392521.552
2024,Import,233,710813,18.0,kg,18.0,1342340.055
2024,Import,300,710813,1.0,kg,1.0,3424.421
2024,Import,372,710813,1.011,kg,1.011,124310.454
2024,Import,376,710813,7.0,kg,7.0,74949.954
2024,Import,616,710813,21.002,kg,21.002,1560277.47
2024,Import,748,710813,1.0,kg,1.0,25002.248
2024,Export,156,710811,1.0,kg,1.0,86826.959
2024,Export,276,710811,19.0,kg,19.0,361342.849
2024,Export,699,710811,1.0,kg,1.0,40223.032
2024,Export,842,710811,15.0,kg,15.0,1340083.231
2024,Export,20,710812,1.0,kg,1.0,78726.471
2024,Export,32,710812,11.0,kg,11.0,823011.576
2024,Export,40,710812,10799.0,kg,10799.0,848591950.114
2024,Export,48,710812,454.0,kg,454.0,33432135.126
2024,Export,56,710812,233.0,kg,233.0,17427085.81
2024,Export,100,710812,365.0,kg,365.0,25850819.35
2024,Export,144,710812,3.0,kg,3.0,197816.813
2024,Export,156,710812,336327.0,kg,336327.0,23703547193.798
2024,Export,233,710812,44.0,kg,44.0,3356660.526
2024,Export,246,710812,32.0,kg,32.0,2269397.236
2024,Export,251,710812,56080.0,kg,56080.0,4220786914.87
2024,Export,276,710812,19289.0,kg,19289.0,1487831501.454
2024,Export,292,710812,283.0,kg,283.0,21980900.031
2024,Export,300,710812,128.0,kg,128.0,9992409.075
2024,Export,344,710812,90145.0,kg,90145.0,6323502141.442
2024,Export,348,710812,21.0,kg,21.0,1106626.317
2024,Export,360,710812,50.0,kg,50.0,3256163.143
2024,Export,372,710812,49.0,kg,49.0,3588878.288
2024,Export,376,710812,61.0,kg,61.0,4619041.773
2024,Export,380,710812,46017.0,kg,46017.0,3291616214.774
2024,Export,392,710812,265.0,kg,265.0,19754291.587
2024,Export,400,710812,2950.0,kg,2950.0,228629426.038
2024,Export,410,710812,1180.0,kg,1180.0,92838589.097
2024,Export,422,710812,3786.0,kg,3786.0,253064701.095
2024,Export,440,710812,10.0,kg,10.0,806110.951
2024,Export,458,710812,8707.0,kg,8707.0,654589302.79
2024,Export,484,710812,8.0,kg,8.0,718679.75
2024,Export,490,710812,10020.0,kg,10020.0,790998085.853
2024,Export,496,710812,981.0,kg,981.0,81911689.065
2024,Export,504,710812,10.0,kg,10.0,803809.831
2024,Export,566,710812,70.0,kg,70.0,5543001.642
2024,Export,634,710812,35.0,kg,35.0,2819484.17
2024,Export,682,710812,62318.0,kg,62318.0,4738134892.569
2024,Export,699,710812,265632.0,kg,265632.0,20111138808.596
2024,Export,702,710812,31996.0,kg,31996.0,2237133896.354
2024,Export,705,710812,5.0,kg,5.0,335401.299
2024,Export,710,710812,1127.0,kg,1127.0,93730904.592
2024,Export,724,710812,425.0,kg,425.0,33821391.264
2024,Export,752,710812,178.0,kg,178.0,13336063.617
2024,Export,762,710812,4535.0,kg,4535.0,352501571.147
2024,Export,764,710812,50980.0,kg,50980.0,3738112556.057
2024,Export,784,710812,75324.0,kg,75324.0,5631587412.961
2024,Export,788,710812,774.0,kg,774.0,58719684.373
2024,Export,792,710812,86325.0,kg,86325.0,6455808453.501
2024,Export,796,710812,50.0,kg,50.0,3259913.537
2024,Export,798,710812,26.0,kg,26.0,1702084.841
2024,Export,804,710812,45.0,kg,45.0,2899987.024
2024,Export,818,710812,629.0,kg,629.0,47538361.793
2024,Export,860,710812,30.0,kg,30.0,1995968.301
2024,Export,20,710813,2.0,kg,2.0,167902.253
2024,Export,48,710813,24.0,kg,24.0,1914042.297
2024,Export,51,710813,10.0,kg,10.0,864516.92
2024,Export,56,710813,317.0,kg,317.0,24452360.817
2024,Export,100,710813,1.0,kg,1.0,51435.597
2024,Export,156,710813,9.0,kg,9.0,863567.396
2024,Export,233,710813,1945.0,kg,1945.0,153766952.26
2024,Export,288,710813,405.0,kg,405.0,38311214.814
2024,Export,300,710813,23.0,kg,23.0,1842952.909
2024,Export,372,710813,1.0,kg,1.0,96791.285
2024,Export,400,710813,530.0,kg,530.0,41162278.619
2024,Export,414,710813,100.0,kg,100.0,8754278.18
2024,Export,422,710813,6794.0,kg,6794.0,522410529.114
2024,Export,440,710813,143.0,kg,143.0,11145380.358
2024,Export,458,710813,1190.0,kg,1190.0,92803242.032
2024,Export,484,710813,56.0,kg,56.0,365932.595
2024,Export,490,710813,309.0,kg,309.0,25675794.528
2024,Export,616,710813,995.0,kg,995.0,78603821.141
2024,Export,642,710813,180.0,kg,180.0,13050486.222
2024,Export,682,710813,1402.0,kg,1402.0,108957339.409
2024,Export,688,710813,40.0,kg,40.0,3101413.392
2024,Export,699,710813,151.0,kg,151.0,12087506.127
2024,Export,702,710813,3152.0,kg,3152.0,236157183.417
2024,Export,724,710813,4.0,kg,4.0,10339.139
2024,Export,784,710813,17968.0,kg,17968.0,1417158652.746
2024,Export,792,710813,207.0,kg,207.0,13957266.062
2024,Export,796,710813,75.0,kg,75.0,4925012.36
2024,Export,798,710813,7.0,kg,7.0,431215.801
2024,Export,804,710813,26.0,kg,26.0,1727612.961
2024,Export,807,710813,32.0,kg,32.0,2667935.089
2024,Export,826,710813,2234.0,kg,2234.0,169835029.092